110001001001,BEACON SLAB 80G PURE MILK,13.99,1,0,0,5045,0,6.19006,0,16,33,356,5,2009-01-09,2021-02-24,2021-03-14,10.99,,100,,,15,0,0,0,NULL,NULL,2014-10-20,3162,NULL,NULL,114,1,172,FALSE,199,1394.75,1118.57,1.43348,19.8423,NULL,NULL,0,,NULL,,,24,NULL,NULL,NULL,0,2012-02-18,MASTER,NULL,0000-00-00,0:00:00,110001,7115125,NULL,NULL,D_3000_54943,,BEACON SLAB 80G PURE MILK,0,0,0,0,0,NULL,NULL,NULL,NULL,0,0,0,0,0,-6,6.19,2021-02-23 17:26:57,0,0,0,0,0,EACH,,16,33,356,,,,,,,,FALSE,FALSE,FALSE,FALSE,FALSE,FALSE,FALSE,0,0,0000-00-00 00:00:00,0000-00-00 00:00:00,0,,0,0,,NULL,0,0,0,HEAD_OFFICE,0000-00-00,-59,ADMN234825,2011-11-08,10,,0000-00-00,0,,0000-00-00,0,,0000-00-00,0,2021-02-23,14:35:53,zuni,PLU_EDITOR,0000-00-00,,6.19,ADMN454363,7115125,2012-01-17,-48,,NULL,5.79,6001120620639,F,F,F,F,F,T,1,0,F,F,144,0,0,0,0,,0000-00-00
110001001002,BEACON SLAB 80G HAZEL HEAVEN,13.99,1,0,0,5045,0,4.82,0,16,33,356,8,2009-01-09,2021-02-24,2021-03-14,10.99,RALL,NULL,NULL,NULL,15,0,0,0,NULL,NULL,2014-10-20,1752,NULL,NULL,NULL,2,172,NULL,8,56.0704,56.08,1.43348,-0.0171368,NULL,NULL,0,NULL,NULL,,NULL,24,5.47,NULL,NULL,0,2009-05-05,MASTER,NULL,0000-00-00,0:00:00,110001,NULL,NULL,NULL,D_3000_54943,,BEACON SLAB 80G HAZEL HEAVEN,0,0,0,0,0,NULL,NULL,NULL,NULL,0,0,0,0,0,-7,0,2021-02-23 17:26:55,0,0,0,0,0,EACH,,16,33,356,NULL,NULL,NULL,NULL,NULL,NULL,NULL,FALSE,FALSE,FALSE,FALSE,FALSE,FALSE,FALSE,0,0,0000-00-00 00:00:00,0000-00-00 00:00:00,0,NULL,0,0,NULL,NULL,0,0,0,HEAD_OFFICE,0000-00-00,NULL,NULL,0000-00-00,NULL,NULL,0000-00-00,0,NULL,0000-00-00,0,NULL,0000-00-00,0,2021-02-23,11:48:19,lavi,ADRAGRP,0000-00-00,NULL,0,NULL,NULL,0000-00-00,0,NULL,0,0,6001120620653,F,F,F,F,F,T,1,0,F,F,0,0,0,0,0,NULL,0000-00-00
110001001003,BEACON SLAB 80G NUTS/FRUIT,13.99,1,0,0,5045,0,5.78962,0,16,33,356,8,2009-01-09,2021-02-24,2021-03-14,10.99,RALL,100,NULL,NULL,15,0,0,0,NULL,NULL,2014-10-20,3164,NULL,NULL,336,3,172,FALSE,192,1343.93,1093.96,1.43348,18.6062,NULL,NULL,0,NULL,NULL,,NULL,24,NULL,NULL,NULL,144,2012-02-21,MASTER,NULL,0000-00-00,0:00:00,110001,7106817,NULL,NULL,D_3000_54943,,BEACON SLAB 80G NUTS ABOUT FRUIT,0,0,0,0,0,NULL,NULL,NULL,NULL,0,0,0,0,0,-7,5.79,2021-02-23 17:26:57,0,0,0,0,0,EACH,,16,33,356,NULL,NULL,NULL,NULL,NULL,NULL,NULL,FALSE,FALSE,FALSE,FALSE,FALSE,FALSE,FALSE,0,0,0000-00-00 00:00:00,0000-00-00 00:00:00,0,NULL,0,0,NULL,NULL,0,0,0,HEAD_OFFICE,0000-00-00,223,,0000-00-00,NULL,,0000-00-00,0,,0000-00-00,0,,0000-00-00,0,2021-02-23,11:48:19,lavi,ADRAGRP,0000-00-00,NULL,5.79,ADMN371537,7106817,2011-12-20,-120,NULL,NULL,5.79,6001120620714,F,F,F,F,F,T,1,0,F,F,336,0,0,0,0,NULL,0000-00-00
110001001004,BEACON SLAB 100G MINT,10.99,1,0,0,8001,0,5.18,0,16,33,356,5,2009-01-09,2017-07-11,2017-07-23,8.99,ZZZZ,45,NULL,NULL,15,0,0,0,NULL,NULL,2010-10-12,1753,NULL,NULL,NULL,4,1,FALSE,NULL,NULL,NULL,1.43,NULL,NULL,NULL,0,NULL,NULL,HIDE,NULL,24,5.47,NULL,NULL,0,0000-00-00,MASTER,NULL,0000-00-00,0:00:00,110001,NULL,NULL,NULL,S_3000_36445,,BEACON SLAB 100G MINT,0,0,0,0,0,NULL,NULL,NULL,NULL,0,0,0,0,0,0,0,2020-09-16 23:35:17,0,0,0,0,0,EACH,,NULL,NULL,NULL,NULL,NULL,NULL,NULL,NULL,NULL,NULL,FALSE,FALSE,FALSE,FALSE,FALSE,FALSE,FALSE,0,0,0000-00-00 00:00:00,0000-00-00 00:00:00,0,NULL,0,0,NULL,NULL,0,0,0,HEAD_OFFICE,0000-00-00,NULL,NULL,0000-00-00,NULL,NULL,0000-00-00,0,NULL,0000-00-00,0,NULL,0000-00-00,0,2020-06-19,11:48:19,lavi,ADRAGRP,0000-00-00,NULL,0,NULL,NULL,0000-00-00,0,NULL,0,0,6001120077112,F,F,F,F,F,T,1,0,F,F,0,0,0,0,0,NULL,0000-00-00
110001001005,BEACON SLAB 80G IVORY CREAM,13.99,1,0,0,5045,0,6.19006,0,16,33,356,8,2009-01-09,2021-02-24,2021-03-14,10.99,RALL,100,NULL,NULL,15,0,0,0,NULL,NULL,2014-10-20,3167,NULL,NULL,104,5,172,FALSE,208,1457.83,1169.55,1.43348,19.8933,NULL,NULL,0,NULL,NULL,,NULL,24,NULL,NULL,NULL,0,2012-02-17,MASTER,NULL,0000-00-00,0:00:00,110001,7115125,NULL,NULL,D_3000_54943,,BEACON SLAB 80G IVORY CREAM,0,0,0,0,0,NULL,NULL,NULL,NULL,0,0,0,0,0,-3,6.19,2021-02-23 17:26:56,0,0,0,0,0,EACH,,16,33,356,NULL,NULL,NULL,NULL,NULL,NULL,NULL,FALSE,FALSE,FALSE,FALSE,FALSE,FALSE,FALSE,0,0,0000-00-00 00:00:00,0000-00-00 00:00:00,0,NULL,0,0,NULL,NULL,0,0,0,HEAD_OFFICE,0000-00-00,-86,ADMN498304,2012-01-31,48,,0000-00-00,0,,0000-00-00,0,,0000-00-00,0,2021-02-23,11:48:19,lavi,ADRAGRP,0000-00-00,NULL,6.19,ADMN454363,7115125,2012-01-17,-48,NULL,NULL,5.79,6001120620738,F,F,F,F,F,T,1,0,F,F,192,0,0,0,0,NULL,0000-00-00
110001001006,BEACON SLAB 80G EBONY & IVORY,13.99,1,0,0,5045,0,5.43835,0,16,33,356,8,2009-01-09,2021-02-24,2021-03-14,10.99,RALL,100,NULL,NULL,15,0,0,0,NULL,NULL,2014-10-20,3166,NULL,NULL,70,6,172,FALSE,83,581.73,449.275,1.43348,22.7735,NULL,NULL,0,NULL,NULL,,NULL,24,NULL,NULL,NULL,0,2011-10-12,MASTER,NULL,0000-00-00,0:00:00,110001,7065036,NULL,NULL,D_3000_54943,,BEACON SLAB 80G EBONY & IVORY,0,0,0,0,0,NULL,NULL,NULL,NULL,0,0,0,0,0,-4,5.44,2021-02-23 17:26:56,0,0,0,0,0,EACH,,16,33,356,NULL,NULL,NULL,NULL,NULL,NULL,NULL,FALSE,FALSE,FALSE,FALSE,FALSE,FALSE,FALSE,0,0,0000-00-00 00:00:00,0000-00-00 00:00:00,0,NULL,0,0,NULL,NULL,0,0,0,HEAD_OFFICE,0000-00-00,62,ADMN46928,2011-09-10,2,,0000-00-00,0,,0000-00-00,0,,0000-00-00,0,2021-02-23,11:48:19,lavi,ADRAGRP,0000-00-00,NULL,5.44,ADMN46866,7065036,2011-09-10,-72,NULL,NULL,5.18,6001120620691,F,F,F,F,F,T,1,0,F,F,72,0,0,0,0,NULL,0000-00-00
110001001008,BEACON SLAB 80G MIDNIGHT VELVET,13.99,1,0,0,5045,0,6.19,0,16,33,356,8,2009-01-09,2021-02-24,2021-03-14,10.99,RSSD,100,NULL,NULL,15,0,0,0,NULL,NULL,2014-10-20,3170,NULL,NULL,59,8,172,FALSE,39,273.343,228.202,1.43348,16.4914,NULL,NULL,0,NULL,NULL,,NULL,24,NULL,NULL,NULL,20,2012-02-20,MASTER,NULL,0000-00-00,0:00:00,110001,7106817,NULL,NULL,D_3000_54943,,BEACON SLAB 80G MIDNIGHT VELVET,0,0,0,0,0,NULL,NULL,NULL,NULL,0,0,0,0,0,-1,5.79,2021-02-23 17:26:57,0,0,0,0,0,EACH,,16,33,356,NULL,NULL,NULL,NULL,NULL,NULL,NULL,FALSE,FALSE,FALSE,FALSE,FALSE,FALSE,FALSE,0,0,0000-00-00 00:00:00,0000-00-00 00:00:00,0,NULL,0,0,NULL,NULL,0,0,0,HEAD_OFFICE,0000-00-00,36,ADMN166642,2011-10-18,13,,0000-00-00,0,,0000-00-00,0,,0000-00-00,0,2021-02-23,11:48:19,lavi,ADRAGRP,0000-00-00,NULL,5.79,ADMN371537,7106817,2011-12-20,-48,NULL,NULL,5.79,6001120620974,F,F,F,F,F,T,1,0,F,F,72,0,0,0,0,NULL,0000-00-00
110001001009,BEACON SLAB 80G TURKISH DELIGHT,13.99,1,0,0,5045,0,4.82,0,16,33,356,8,2009-01-09,2021-02-24,2021-03-14,10.99,RCAA,100,NULL,NULL,15,0,0,0,NULL,NULL,2014-10-20,3172,NULL,NULL,NULL,9,172,FALSE,NULL,NULL,NULL,1.43348,NULL,NULL,NULL,0,NULL,NULL,,NULL,24,NULL,NULL,NULL,0,0000-00-00,MASTER,NULL,0000-00-00,0:00:00,110001,NULL,NULL,NULL,D_3000_54943,,BEACON SLAB 80G TURKISH DELIGHT,0,0,0,0,0,NULL,NULL,NULL,NULL,0,0,0,0,0,-7,0,2021-02-23 17:26:56,0,0,0,0,0,EACH,,16,33,279,NULL,NULL,NULL,NULL,NULL,NULL,NULL,FALSE,FALSE,FALSE,FALSE,FALSE,FALSE,FALSE,0,0,0000-00-00 00:00:00,0000-00-00 00:00:00,0,NULL,0,0,NULL,NULL,0,0,0,HEAD_OFFICE,0000-00-00,NULL,,0000-00-00,NULL,,0000-00-00,0,,0000-00-00,0,,0000-00-00,0,2021-02-23,11:48:19,lavi,ADRAGRP,0000-00-00,NULL,0,,,NULL,0,NULL,NULL,5.18,6001120621018,F,F,F,F,F,T,1,0,F,F,0,0,0,0,0,NULL,0000-00-00
110001001010,BEACON SLAB 80G THREESOME,13.99,1,0,0,5045,0,5.7896,0,16,33,356,8,2009-01-09,2021-02-24,2021-03-14,10.99,ZZZZ,100,NULL,NULL,15,0,0,0,NULL,NULL,2014-10-21,1993,NULL,NULL,144,10,172,FALSE,116,811.266,654.996,1.43348,19.2788,NULL,NULL,0,NULL,NULL,,NULL,24,NULL,NULL,NULL,28,2012-02-21,MASTER,NULL,0000-00-00,0:00:00,110001,7106817,NULL,NULL,D_3000_54943,,BEACON SLAB 80G THREESOME,0,0,0,0,0,NULL,NULL,NULL,NULL,0,0,0,0,0,-1,5.79,2021-02-23 17:26:57,0,0,0,0,0,EACH,,16,33,356,NULL,NULL,NULL,NULL,NULL,NULL,NULL,FALSE,FALSE,FALSE,FALSE,FALSE,FALSE,FALSE,0,0,0000-00-00 00:00:00,0000-00-00 00:00:00,0,NULL,0,0,NULL,NULL,0,0,0,HEAD_OFFICE,0000-00-00,75,,0000-00-00,NULL,,0000-00-00,0,,0000-00-00,0,,0000-00-00,0,2021-02-23,11:48:19,lavi,ADRAGRP,0000-00-00,NULL,5.79,ADMN371537,7106817,2011-12-20,-72,NULL,NULL,5.79,6001120620752,F,F,F,F,F,T,1,0,F,F,144,0,0,0,0,NULL,0000-00-00
110001001012,BEACON SLAB 80G CARAMEL,12.99,1,0,0,8001,0,5.43833,0,16,33,356,5,2009-01-09,2021-02-24,2021-03-14,10.99,ZZZZ,100,NULL,NULL,15,0,0,0,NULL,NULL,2015-02-12,2383,NULL,NULL,NULL,12,172,FALSE,7,49.0616,38.0681,1.43348,22.4075,NULL,NULL,0,NULL,NULL,HIDE,NULL,24,NULL,NULL,NULL,0,2011-09-09,MASTER,NULL,0000-00-00,0:00:00,110001,NULL,NULL,NULL,D_3000_54943,,BEACON SLAB 80G CARAMEL,0,0,0,0,0,NULL,NULL,NULL,NULL,0,0,0,0,0,-9,0,2021-02-23 17:26:56,0,0,0,0,0,EACH,,16,33,356,NULL,NULL,NULL,NULL,NULL,NULL,NULL,FALSE,FALSE,FALSE,FALSE,FALSE,FALSE,FALSE,0,0,0000-00-00 00:00:00,0000-00-00 00:00:00,0,NULL,0,0,NULL,NULL,0,0,0,HEAD_OFFICE,0000-00-00,NULL,,0000-00-00,NULL,,0000-00-00,0,,0000-00-00,0,,0000-00-00,0,2021-02-23,11:48:19,lavi,ADRAGRP,0000-00-00,NULL,0,,,NULL,0,NULL,NULL,5.15,6001120607159,F,F,F,F,F,T,1,0,F,F,0,0,0,0,0,NULL,0000-00-00
110001001013,BEACON SLAB 100G INDULGENT CRIS,10.99,1,0,0,8001,0,5.18,0,16,33,356,5,2009-01-09,2017-07-11,2017-07-23,8.99,ZZZZ,45,NULL,NULL,15,0,0,0,NULL,NULL,2010-10-12,2391,NULL,NULL,NULL,13,1,FALSE,2,14.0176,14.02,1.43,-0.017131,NULL,NULL,0,NULL,NULL,HIDE,NULL,24,5.47,NULL,NULL,0,2009-05-05,MASTER,NULL,0000-00-00,0:00:00,110001,NULL,NULL,NULL,S_3000_36445,,BEACON SLAB 100G INDULGENT CRISP,0,0,0,0,0,NULL,NULL,NULL,NULL,0,0,0,0,0,-2,0,2020-09-16 23:35:17,0,0,0,0,0,EACH,,NULL,NULL,NULL,NULL,NULL,NULL,NULL,NULL,NULL,NULL,FALSE,FALSE,FALSE,FALSE,FALSE,FALSE,FALSE,0,0,0000-00-00 00:00:00,0000-00-00 00:00:00,0,NULL,0,0,NULL,NULL,0,0,0,HEAD_OFFICE,0000-00-00,NULL,NULL,0000-00-00,NULL,NULL,0000-00-00,0,NULL,0000-00-00,0,NULL,0000-00-00,0,2020-06-19,11:48:19,lavi,ADRAGRP,0000-00-00,NULL,0,NULL,NULL,0000-00-00,0,NULL,0,0,6001120607234,F,F,F,F,F,T,1,0,F,F,0,0,0,0,0,NULL,0000-00-00
110001001014,BEACON SLAB 100G MOCHA MOUSSE,8.99,1,0,0,8001,0,5.18,0,16,33,356,5,2009-01-09,2017-07-11,2017-07-23,8.99,ZZZZ,45,NULL,NULL,15,0,0,0,NULL,NULL,2010-10-12,2387,NULL,NULL,NULL,14,1,FALSE,12,84.1056,84.12,1.17,-0.0171495,NULL,NULL,0,NULL,NULL,HIDE,NULL,24,5.47,NULL,NULL,0,2009-05-06,MASTER,NULL,0000-00-00,0:00:00,110001,NULL,NULL,NULL,S_3000_36445,,BEACON SLAB 100G MOCHA MOUSSE,0,0,0,0,0,NULL,NULL,NULL,NULL,0,0,0,0,0,-12,0,2020-09-16 23:35:17,0,0,0,0,0,EACH,,NULL,NULL,NULL,NULL,NULL,NULL,NULL,NULL,NULL,NULL,FALSE,FALSE,FALSE,FALSE,FALSE,FALSE,FALSE,0,0,0000-00-00 00:00:00,0000-00-00 00:00:00,0,NULL,0,0,NULL,NULL,0,0,0,HEAD_OFFICE,0000-00-00,NULL,NULL,0000-00-00,NULL,NULL,0000-00-00,0,NULL,0000-00-00,0,NULL,0000-00-00,0,2020-06-19,11:48:19,lavi,ADRAGRP,0000-00-00,NULL,0,NULL,NULL,0000-00-00,0,NULL,0,0,6001120607197,F,F,F,F,F,T,1,0,F,F,0,0,0,0,0,NULL,0000-00-00
110001002002,BEACON SLAB 150G HAZEL HEAVEN,21.99,1,0,0,8001,0,11.4283,0,16,33,356,5,2009-01-09,2010-11-08,2010-12-31,11.99,ZZZZ,100,NULL,NULL,15,0,0,0,NULL,NULL,2017-02-07,3173,NULL,NULL,NULL,2,20,FALSE,3,42.0789,34.2849,2.87,18.5223,NULL,NULL,0,NULL,NULL,HIDE,NULL,12,NULL,NULL,NULL,0,2011-09-01,MASTER,NULL,0000-00-00,0:00:00,110001,NULL,NULL,NULL,S_3000_36445,,BEACON SLAB 150G HAZEL HEAVEN,0,0,0,0,0,NULL,NULL,NULL,NULL,0,0,0,0,0,-3,0,2020-09-16 23:35:17,0,0,0,0,0,EACH,,16,33,356,NULL,NULL,NULL,NULL,NULL,NULL,NULL,FALSE,FALSE,FALSE,FALSE,FALSE,FALSE,FALSE,0,0,0000-00-00 00:00:00,0000-00-00 00:00:00,0,NULL,0,0,NULL,NULL,0,0,0,HEAD_OFFICE,0000-00-00,NULL,,0000-00-00,NULL,,0000-00-00,0,,0000-00-00,0,,0000-00-00,0,2020-06-19,11:48:19,lavi,ADRAGRP,0000-00-00,NULL,0,,,NULL,0,NULL,NULL,11.43,6001120621063,F,F,F,F,F,T,1,0,F,F,0,0,0,0,0,NULL,0000-00-00
110001002003,BEACON SLAB 180G NUTS ABOUT FRU,19.99,1,0,0,8001,0,10.9033,0,16,33,356,5,2009-01-09,2015-12-14,2015-12-24,19.99,ZZZZ,100,NULL,NULL,15,0,0,0,NULL,NULL,2015-08-21,1146,NULL,NULL,NULL,3,2,FALSE,4,56.1052,43.6132,2.61,22.2653,NULL,NULL,0,NULL,NULL,HIDE,NULL,12,NULL,NULL,NULL,0,2011-09-09,MASTER,0,0000-00-00,0:00:00,110001,NULL,NULL,NULL,S_3000_36445,,BEACON SLAB 180G NUTS ABOUT FRUIT,0,0,0,0,0,NULL,NULL,NULL,NULL,0,0,0,0,0,-1,0,2020-07-02 18:21:50,0,0,0,0,0,EACH,,16,33,356,NULL,NULL,NULL,NULL,NULL,NULL,NULL,FALSE,FALSE,FALSE,FALSE,FALSE,FALSE,FALSE,0,0,0000-00-00 00:00:00,0000-00-00 00:00:00,0,NULL,0,0,NULL,NULL,0,0,0,HEAD_OFFICE,0000-00-00,NULL,,0000-00-00,NULL,,0000-00-00,0,,0000-00-00,0,,0000-00-00,0,2020-06-19,11:48:19,lavi,ADRAGRP,0000-00-00,NULL,0,,,NULL,0,NULL,NULL,11.43,6001120608651,F,F,F,F,F,T,1,0,F,F,0,0,0,0,0,NULL,0000-00-00
110001002004,BEACON SLAB 150G MINT MAGIC,24.99,1,0,0,8001,0,11.4283,0,16,33,356,5,2009-01-09,2010-11-08,2010-12-31,11.99,ZZZZ,100,NULL,NULL,15,0,0,0,NULL,NULL,2017-02-07,3174,NULL,NULL,NULL,4,20,FALSE,NULL,NULL,NULL,3.26,NULL,NULL,NULL,0,NULL,NULL,HIDE,NULL,12,NULL,NULL,NULL,0,0000-00-00,MASTER,NULL,0000-00-00,0:00:00,110001,NULL,NULL,NULL,S_3000_36445,,BEACON SLAB 150G MINT MAGIC,0,0,0,0,0,NULL,NULL,NULL,NULL,0,0,0,0,0,0,0,2020-09-16 23:35:17,0,0,0,0,0,EACH,,16,33,356,NULL,NULL,NULL,NULL,NULL,NULL,NULL,FALSE,FALSE,FALSE,FALSE,FALSE,FALSE,FALSE,0,0,0000-00-00 00:00:00,0000-00-00 00:00:00,0,NULL,0,0,NULL,NULL,0,0,0,HEAD_OFFICE,0000-00-00,NULL,,0000-00-00,NULL,,0000-00-00,0,,0000-00-00,0,,0000-00-00,0,2020-06-19,11:48:19,lavi,ADRAGRP,0000-00-00,NULL,0,,,NULL,0,NULL,NULL,11.26,6001120621087,F,F,F,F,F,T,1,0,F,F,0,0,0,0,0,NULL,0000-00-00
600969951527,MARLIN SCISSOR 13CM PRINTED,19.99,9,0,0,5132,0,4.96492,0,70,219,779,3,2011-10-20,0000-00-00,0000-00-00,0,RCAA,45,NULL,NULL,15,0,0,0,NULL,NULL,2014-11-06,4068663,NULL,NULL,108,NULL,NULL,FALSE,73,479.624,321.93,2.60739,32.8787,NULL,NULL,,NULL,NULL,,FALSE,12,NULL,NULL,NULL,35,2012-02-14,MASTER,NULL,0000-00-00,0:00:00,NULL,T1TC35831,NULL,NULL,B_3000_50836,ALL,MARLIN SCISSOR 13CM PRINTED,0,0,0,0,0,NULL,NULL,NULL,NULL,0,0,0,0,0,0,4.96,2020-09-28 15:42:34,0,0,0,0,0,EACH,,NULL,NULL,NULL,NULL,NULL,NULL,NULL,NULL,NULL,NULL,FALSE,FALSE,FALSE,FALSE,FALSE,FALSE,FALSE,0,0,0000-00-00 00:00:00,0000-00-00 00:00:00,0,NULL,0,0,NULL,NULL,0,0,0,HEAD_OFFICE,NULL,35,NULL,NULL,NULL,NULL,NULL,NULL,NULL,NULL,NULL,NULL,NULL,NULL,2020-09-28,12:24:24,lavi,PLU_EDIT,0000-00-00,NULL,4.96,ADMN549309,T1TC35631,2012-02-16,-24,NULL,NULL,4.41,,F,F,F,F,F,T,F,0,F,F,108,0,0,0,0,NULL,0000-00-00
110001001007,BEACON SLAB 90G MUESLI SUPREME,12.99,1,0,0,8001,0,5.78962,0,16,33,356,5,2009-01-09,2018-06-06,2018-06-28,9.99,ZZZZ,100,NULL,NULL,15,0,0,0,NULL,NULL,2016-08-23,1106,NULL,NULL,216,7,1,FALSE,136,949.479,772.634,1.69435,18.6439,NULL,NULL,0,NULL,NULL,HIDE,NULL,24,NULL,NULL,NULL,80,2012-02-21,MASTER,NULL,0000-00-00,0:00:00,110001,7106817,NULL,NULL,B_3000_40238,,BEACON SLAB 90G MUESLI SUPREME,0,0,0,0,0,NULL,NULL,NULL,NULL,0,0,0,0,0,-2,5.79,2020-09-16 23:35:17,0,0,0,0,0,EACH,,16,33,356,NULL,NULL,NULL,NULL,NULL,NULL,NULL,FALSE,FALSE,FALSE,FALSE,FALSE,FALSE,FALSE,0,0,0000-00-00 00:00:00,0000-00-00 00:00:00,0,NULL,0,0,NULL,NULL,0,0,0,HEAD_OFFICE,0000-00-00,146,,0000-00-00,NULL,,0000-00-00,0,,0000-00-00,0,,0000-00-00,0,2020-06-19,11:48:19,lavi,ADRAGRP,0000-00-00,NULL,5.79,ADMN371537,7106817,2011-12-20,-120,NULL,NULL,5.79,6001120603328,F,F,F,F,F,T,1,0,F,F,216,0,0,0,0,NULL,0000-00-00
110002003001,BEACON TV BAR MILK LRG BAR 47G,10.99,1,0,0,5045,0,3.77202,0,16,33,116,8,2009-01-10,2019-03-22,2019-04-07,6.99,RALL,100,NULL,NULL,15,0,0,0,NULL,NULL,2015-02-13,2612,NULL,NULL,398,1,3,FALSE,365,1618.25,1313.55,1.43348,18.7676,NULL,NULL,0,NULL,NULL,,NULL,40,NULL,NULL,NULL,33,2012-02-18,MASTER,NULL,0000-00-00,0:00:00,110002,7106817,NULL,NULL,B_3000_54643,,BEACON TV BAR MILK LARGE BAR 47G,0,0,0,0,0,NULL,NULL,NULL,NULL,0,0,0,0,0,-35,3.77,2021-02-23 18:21:07,0,0,0,0,0,EACH,,NULL,NULL,NULL,NULL,NULL,NULL,NULL,NULL,NULL,NULL,FALSE,FALSE,FALSE,FALSE,FALSE,FALSE,FALSE,0,0,0000-00-00 00:00:00,0000-00-00 00:00:00,0,NULL,0,0,NULL,NULL,0,0,0,HEAD_OFFICE,0000-00-00,83,ADMN498304,2012-01-31,2,,0000-00-00,0,,0000-00-00,0,,0000-00-00,0,2021-02-08,11:48:19,lavi,ADRAGRP,0000-00-00,NULL,3.77,ADMN371537,7106817,2011-12-20,-200,NULL,NULL,3.96,6001120609870,F,F,F,F,F,T,1,0,F,F,400,0,0,0,0,NULL,0000-00-00
110002003015,BEACON TV BAR WHITE LRG BAR 47G,10.99,1,0,0,5045,0,3.77,0,16,33,116,8,2009-01-10,2019-03-22,2019-04-07,6.99,RALL,100,NULL,NULL,15,0,0,0,NULL,NULL,2015-02-13,2613,NULL,NULL,671,15,3,FALSE,643,2837.56,2427.88,1.43348,14.4121,NULL,NULL,0,NULL,NULL,,NULL,40,NULL,NULL,NULL,28,2012-02-21,MASTER,NULL,0000-00-00,0:00:00,110002,7106817,NULL,NULL,B_3000_54643,,BEACON TV BAR WHITE LARGE BAR 47G,0,0,0,0,0,NULL,NULL,NULL,NULL,0,0,0,0,0,-10,3.77,2021-02-08 19:47:23,0,0,0,0,0,EACH,,NULL,NULL,NULL,NULL,NULL,NULL,NULL,NULL,NULL,NULL,FALSE,FALSE,FALSE,FALSE,FALSE,FALSE,FALSE,0,0,0000-00-00 00:00:00,0000-00-00 00:00:00,0,NULL,0,0,NULL,NULL,0,0,0,HEAD_OFFICE,0000-00-00,73,ADMN498304,2012-01-31,9,,0000-00-00,0,,0000-00-00,0,,0000-00-00,0,2021-02-08,11:48:19,lavi,ADRAGRP,0000-00-00,NULL,3.77,ADMN371537,7106817,2011-12-20,-200,NULL,NULL,3.77,6001120609894,F,F,F,F,F,T,1,0,F,F,680,0,0,0,0,NULL,0000-00-00
110002003004,BEACON TV BAR MINT,8.99,1,0,0,8001,0,3.46,0,16,33,116,5,2009-01-10,2019-03-22,2019-04-07,6.99,ZZZZ,45,NULL,NULL,15,0,0,0,NULL,NULL,2012-11-08,2614,NULL,NULL,NULL,4,3,FALSE,7,30.465,29.4,1.17261,3.40312,NULL,NULL,0,NULL,NULL,HIDE,NULL,40,3.16,NULL,NULL,0,2009-05-06,MASTER,NULL,0000-00-00,0:00:00,110002,NULL,NULL,NULL,B_3000_51564,,BEACON TV BAR MINT,0,0,0,0,0,NULL,NULL,NULL,NULL,0,0,0,0,0,-6,0,2020-10-20 20:19:03,0,0,0,0,0,EACH,,NULL,NULL,NULL,NULL,NULL,NULL,NULL,NULL,NULL,NULL,FALSE,FALSE,FALSE,FALSE,FALSE,FALSE,FALSE,0,0,0000-00-00 00:00:00,0000-00-00 00:00:00,0,NULL,0,0,NULL,NULL,0,0,0,HEAD_OFFICE,0000-00-00,NULL,NULL,0000-00-00,NULL,NULL,0000-00-00,0,NULL,0000-00-00,0,NULL,0000-00-00,0,2020-10-20,11:48:19,lavi,ADRAGRP,0000-00-00,NULL,0,NULL,NULL,0000-00-00,0,NULL,0,0,6001120609382,F,F,F,F,F,T,1,0,F,F,0,0,0,0,0,NULL,0000-00-00
110002003016,BEACON TV BAR BISCUIT LRG BAR,8.99,1,0,0,5045,0,3.77199,0,16,33,116,8,2009-01-10,2019-03-22,2019-04-07,6.99,ZZZZ,100,NULL,NULL,15,0,0,0,NULL,NULL,2015-02-13,2615,NULL,NULL,318,16,3,FALSE,143,628.065,534.4,1.17261,14.8011,NULL,NULL,0,NULL,NULL,HIDE,NULL,40,NULL,NULL,NULL,175,2012-02-09,MASTER,NULL,0000-00-00,0:00:00,110002,7106817,NULL,NULL,B_3000_51564,,BEACON TV BAR BISCUIT LARGE BAR,0,0,0,0,0,NULL,NULL,NULL,NULL,0,0,0,0,0,-2,3.77,2020-10-20 20:19:02,0,0,0,0,0,EACH,,NULL,NULL,NULL,NULL,NULL,NULL,NULL,NULL,NULL,NULL,FALSE,FALSE,FALSE,FALSE,FALSE,FALSE,FALSE,0,0,0000-00-00 00:00:00,0000-00-00 00:00:00,0,NULL,0,0,NULL,NULL,0,0,0,HEAD_OFFICE,0000-00-00,182,ADMN498304,2012-01-31,2,,0000-00-00,0,,0000-00-00,0,,0000-00-00,0,2020-10-20,11:48:19,lavi,ADRAGRP,0000-00-00,NULL,3.77,ADMN371537,7106817,2011-12-20,-160,NULL,NULL,3.77,6001120609931,F,F,F,F,F,T,1,0,F,F,320,0,0,0,0,NULL,0000-00-00
110003004001,BEACON INSIDE STORY 49G TRUFFL,8.99,1,0,0,8001,0,3.46475,0,16,33,116,5,2009-01-10,2019-03-22,2019-04-07,6.99,ZZZZ,100,NULL,NULL,15,0,0,0,NULL,NULL,2015-02-12,1660,NULL,NULL,NULL,1,4,FALSE,23,99.65,79.6881,1.17261,19.9872,NULL,NULL,0,NULL,NULL,HIDE,NULL,40,NULL,NULL,NULL,0,2012-02-02,MASTER,NULL,0000-00-00,0:00:00,110003,NULL,NULL,NULL,B_3000_51564,,BEACON INSIDE STORY 49G TRUFFLE,0,0,0,0,0,NULL,NULL,NULL,NULL,0,0,0,0,0,-15,0,2020-10-20 20:19:02,0,0,0,0,0,EACH,,NULL,NULL,NULL,NULL,NULL,NULL,NULL,NULL,NULL,NULL,FALSE,FALSE,FALSE,FALSE,FALSE,FALSE,FALSE,0,0,0000-00-00 00:00:00,0000-00-00 00:00:00,0,NULL,0,0,NULL,NULL,0,0,0,HEAD_OFFICE,0000-00-00,NULL,,0000-00-00,NULL,,0000-00-00,0,,0000-00-00,0,,0000-00-00,0,2020-10-20,11:48:19,lavi,ADRAGRP,0000-00-00,NULL,0,,,NULL,0,NULL,NULL,3.67,6001120016609,F,F,F,F,F,T,1,0,F,F,0,0,0,0,0,NULL,0000-00-00
110003003013,BEACON INSIDE STORY 46G INDULG,8.99,1,0,0,8001,0,3.77192,0,16,33,116,5,2009-01-10,2019-03-22,2019-04-07,6.99,ZZZZ,100,NULL,NULL,15,0,0,0,NULL,NULL,2015-02-12,1305,NULL,NULL,79,13,3,FALSE,29,128.062,102.934,1.17261,19.2545,NULL,NULL,0,NULL,NULL,HIDE,NULL,40,NULL,NULL,NULL,50,2012-02-09,MASTER,NULL,0000-00-00,0:00:00,110003,7106817,NULL,NULL,B_3000_51564,,BEACON INSIDE STORY 46G INDULGENT CRISP,0,0,0,0,0,NULL,NULL,NULL,NULL,0,0,0,0,0,-8,3.77,2020-10-20 20:19:02,0,0,0,0,0,EACH,,NULL,NULL,NULL,NULL,NULL,NULL,NULL,NULL,NULL,NULL,FALSE,FALSE,FALSE,FALSE,FALSE,FALSE,FALSE,0,0,0000-00-00 00:00:00,0000-00-00 00:00:00,0,NULL,0,0,NULL,NULL,0,0,0,HEAD_OFFICE,0000-00-00,58,ADMN46928,2011-09-10,1,,0000-00-00,0,,0000-00-00,0,,0000-00-00,0,2020-10-20,11:48:19,lavi,ADRAGRP,0000-00-00,NULL,3.77,ADMN371537,7106817,2011-12-20,-40,NULL,NULL,3.46,6001120013059,F,F,F,F,F,T,1,0,F,F,80,0,0,0,0,NULL,0000-00-00
110004005017,BEACON ALL IN ONE LRG BAR 62G,10.99,1,0,0,5045,0,3.772,0,16,33,116,8,2009-01-10,2019-03-22,2019-04-07,6.99,RALL,100,NULL,NULL,15,0,0,0,NULL,NULL,2015-02-13,2643,NULL,NULL,225,17,5,FALSE,169,836.758,603.076,1.43348,27.9252,NULL,NULL,0,NULL,NULL,,NULL,40,NULL,NULL,NULL,56,2012-02-21,MASTER,NULL,0000-00-00,0:00:00,110004,7098879,NULL,NULL,B_3000_54643,,BEACON ALL IN ONE LARGE BAR 62G,0,0,0,0,0,NULL,NULL,NULL,NULL,0,0,0,0,0,-9,3.77,2021-02-08 19:47:23,0,0,0,0,0,EACH,,NULL,NULL,NULL,NULL,NULL,NULL,NULL,NULL,NULL,NULL,FALSE,FALSE,FALSE,FALSE,FALSE,FALSE,FALSE,0,0,0000-00-00 00:00:00,0000-00-00 00:00:00,0,NULL,0,0,NULL,NULL,0,0,0,HEAD_OFFICE,0000-00-00,77,ADMN498304,2012-01-31,15,,0000-00-00,0,,0000-00-00,0,,0000-00-00,0,2021-02-08,11:48:19,lavi,ADRAGRP,0000-00-00,NULL,3.77,ADMN299637,7098879,2011-11-29,-80,NULL,NULL,4.3,6001120610012,F,F,F,F,F,T,1,0,F,F,240,0,0,0,0,NULL,0000-00-00
110005006017,BEACON NOSH LRG BAR 56G,10.99,1,0,0,5045,0,3.77192,0,16,33,116,8,2009-01-10,2019-03-22,2019-04-07,6.99,RALL,100,NULL,NULL,15,0,0,0,NULL,NULL,2015-02-13,2616,NULL,NULL,74,17,6,FALSE,70,313.099,261.77,1.43348,16.1922,NULL,NULL,0,NULL,NULL,,NULL,40,NULL,NULL,NULL,4,2012-02-18,MASTER,NULL,0000-00-00,0:00:00,110005,7098879,NULL,NULL,B_3000_54643,,BEACON NOSH LARGE BAR 56G,0,0,0,0,0,NULL,NULL,NULL,NULL,0,0,0,0,0,-12,3.77,2021-02-23 18:21:07,0,0,0,0,0,EACH,,NULL,NULL,NULL,NULL,NULL,NULL,NULL,NULL,NULL,NULL,FALSE,FALSE,FALSE,FALSE,FALSE,FALSE,FALSE,0,0,0000-00-00 00:00:00,0000-00-00 00:00:00,0,NULL,0,0,NULL,NULL,0,0,0,HEAD_OFFICE,0000-00-00,39,ADMN46928,2011-09-10,6,,0000-00-00,0,,0000-00-00,0,,0000-00-00,0,2021-02-08,11:48:19,lavi,ADRAGRP,0000-00-00,NULL,3.77,ADMN299637,7098879,2011-11-29,-40,NULL,NULL,3.77,6001120609955,F,F,F,F,F,T,1,0,F,F,80,0,0,0,0,NULL,0000-00-00
110006007017,BEACON NEW LOOK LRG BAR 57G,8.99,1,0,0,5045,0,3.77204,0,16,33,116,8,2009-01-10,2019-03-22,2019-04-07,6.99,ZZZZ,100,NULL,NULL,15,0,0,0,NULL,NULL,2015-02-13,2618,NULL,NULL,237,17,7,FALSE,193,853.084,717.731,0.911739,15.7899,NULL,NULL,0,NULL,NULL,HIDE,NULL,40,NULL,NULL,NULL,44,2012-02-17,MASTER,NULL,0000-00-00,0:00:00,110006,7106817,NULL,NULL,D_3000_40825,,BEACON NEW LOOK LARGE BAR 57G,0,0,0,0,0,NULL,NULL,NULL,NULL,0,0,0,0,0,-10,3.77,2020-09-16 23:35:17,0,0,0,0,0,EACH,,NULL,NULL,NULL,NULL,NULL,NULL,NULL,NULL,NULL,NULL,FALSE,FALSE,FALSE,FALSE,FALSE,FALSE,FALSE,0,0,0000-00-00 00:00:00,0000-00-00 00:00:00,0,NULL,0,0,NULL,NULL,0,0,0,HEAD_OFFICE,0000-00-00,57,ADMN498304,2012-01-31,1,,0000-00-00,0,,0000-00-00,0,,0000-00-00,0,2020-06-19,11:48:19,lavi,ADRAGRP,0000-00-00,NULL,3.77,ADMN371537,7106817,2011-12-20,-80,NULL,NULL,3.77,6001120609993,F,F,F,F,F,T,1,0,F,F,240,0,0,0,0,NULL,0000-00-00
110007008017,BEACON NIKI ORIG LRG BAR 46G,10.99,1,0,0,5045,0,3.772,0,16,33,116,8,2009-01-10,2019-03-22,2019-04-07,6.99,RALL,100,NULL,NULL,15,0,0,0,NULL,NULL,2015-02-13,2646,NULL,NULL,26,17,8,FALSE,164,727.627,613.247,1.43348,15.6288,NULL,NULL,0,NULL,NULL,,NULL,40,NULL,NULL,NULL,0,2012-02-18,MASTER,NULL,0000-00-00,0:00:00,110007,7106817,NULL,NULL,B_3000_54643,,BEACON NIKI ORIGINAL LARGE BAR 46G,0,0,0,0,0,NULL,NULL,NULL,NULL,0,0,0,0,0,-6,3.77,2021-02-08 19:47:23,0,0,0,0,0,EACH,,NULL,NULL,NULL,NULL,NULL,NULL,NULL,NULL,NULL,NULL,FALSE,FALSE,FALSE,FALSE,FALSE,FALSE,FALSE,0,0,0000-00-00 00:00:00,0000-00-00 00:00:00,0,NULL,0,0,NULL,NULL,0,0,0,HEAD_OFFICE,0000-00-00,-87,ADMN166622,2011-10-18,65,,0000-00-00,0,,0000-00-00,0,,0000-00-00,0,2021-02-08,11:48:19,lavi,ADRAGRP,0000-00-00,NULL,3.77,ADMN371537,7106817,2011-12-20,-120,NULL,NULL,3.77,6001120610074,F,F,F,F,F,T,1,0,F,F,280,0,0,0,0,NULL,0000-00-00
110007003018,BEACON NIKI CLUSTA LRG BAR 47G,8.99,1,0,0,5045,0,3.77192,0,16,33,116,8,2009-01-10,2019-03-22,2019-04-07,6.99,ZZZZ,100,NULL,NULL,15,0,0,0,NULL,NULL,2015-02-13,2645,NULL,NULL,117,18,3,FALSE,89,392.091,333.633,0.911739,14.7286,NULL,NULL,0,NULL,NULL,HIDE,NULL,40,NULL,NULL,NULL,28,2012-02-13,MASTER,NULL,0000-00-00,0:00:00,110007,7098879,NULL,NULL,D_3000_40825,,BEACON NIKI CLUSTA LARGE BAR 47G,0,0,0,0,0,NULL,NULL,NULL,NULL,0,0,0,0,0,-3,3.77,2020-09-16 23:35:17,0,0,0,0,0,EACH,,NULL,NULL,NULL,NULL,NULL,NULL,NULL,NULL,NULL,NULL,FALSE,FALSE,FALSE,FALSE,FALSE,FALSE,FALSE,0,0,0000-00-00 00:00:00,0000-00-00 00:00:00,0,NULL,0,0,NULL,NULL,0,0,0,HEAD_OFFICE,0000-00-00,66,ADMN46876,2011-09-10,43,,0000-00-00,0,,0000-00-00,0,,0000-00-00,0,2020-06-19,11:48:19,lavi,ADRAGRP,0000-00-00,NULL,3.77,ADMN299637,7098879,2011-11-29,-40,NULL,NULL,3.77,6001120610050,F,F,F,F,F,T,1,0,F,F,160,0,0,0,0,NULL,0000-00-00
110008009017,BEACON NOW LRG BAR 58G,10.99,1,0,0,5045,0,3.77192,0,16,33,116,8,2009-01-10,2019-03-22,2019-04-07,6.99,ZZZZ,100,NULL,NULL,15,0,0,0,NULL,NULL,2016-08-23,2617,NULL,NULL,92,17,9,FALSE,142,627.153,475.687,1.43348,24.1171,NULL,NULL,0,NULL,NULL,HIDE,NULL,40,NULL,NULL,NULL,0,2012-02-21,MASTER,NULL,0000-00-00,0:00:00,110008,7106817,NULL,NULL,B_3000_54643,,BEACON NOW LARGE BAR 58G,0,0,0,0,0,NULL,NULL,NULL,NULL,0,0,0,0,0,-6,3.77,2021-02-08 19:47:23,0,0,0,0,0,EACH,,NULL,NULL,NULL,NULL,NULL,NULL,NULL,NULL,NULL,NULL,FALSE,FALSE,FALSE,FALSE,FALSE,FALSE,FALSE,0,0,0000-00-00 00:00:00,0000-00-00 00:00:00,0,NULL,0,0,NULL,NULL,0,0,0,HEAD_OFFICE,0000-00-00,-36,ADMN498304,2012-01-31,68,,0000-00-00,0,,0000-00-00,0,,0000-00-00,0,2021-02-08,11:48:19,lavi,ADRAGRP,0000-00-00,NULL,3.77,ADMN371537,7106817,2011-12-20,-40,NULL,NULL,3.77,6001120609979,F,F,F,F,F,T,1,0,F,F,160,0,0,0,0,NULL,0000-00-00
110009010019,BEACON WHIPPY 41G STRAWBERRY,7.99,1,0,0,5045,0,2.57748,0,16,89,465,8,2009-01-10,2018-06-06,2018-06-28,6.99,RALL,100,NULL,NULL,15,0,0,0,NULL,NULL,2016-02-29,1536,NULL,NULL,96,19,31,FALSE,92,322,235.471,1.04217,26.8779,NULL,NULL,0,NULL,NULL,,NULL,24,NULL,NULL,NULL,4,2012-02-17,MASTER,NULL,0000-00-00,0:00:00,110009,7106817,NULL,NULL,B_3000_51590,,BEACON WHIPPY 41G STRAWBERRY,0,0,0,0,0,NULL,NULL,NULL,NULL,0,0,0,0,0,-9,2.58,2020-10-21 15:04:22,0,0,0,0,0,EACH,,NULL,NULL,NULL,NULL,NULL,NULL,NULL,NULL,NULL,NULL,FALSE,FALSE,FALSE,FALSE,FALSE,FALSE,FALSE,0,0,0000-00-00 00:00:00,0000-00-00 00:00:00,0,NULL,0,0,NULL,NULL,0,0,0,HEAD_OFFICE,0000-00-00,45,,0000-00-00,NULL,,0000-00-00,0,,0000-00-00,0,,0000-00-00,0,2020-10-21,11:48:19,lavi,ADRAGRP,0000-00-00,NULL,2.58,ADMN371537,7106817,2011-12-20,-48,NULL,NULL,2.58,6001120015213,F,F,F,F,F,T,1,0,F,F,96,0,0,0,0,NULL,0000-00-00
110010011017,BEACON FFWD 28G,8.99,1,0,0,5045,0,3.77193,0,16,33,116,8,2009-01-10,2019-03-22,2019-04-07,6.99,ZZZZ,100,NULL,NULL,15,0,0,0,NULL,NULL,2017-02-07,2644,NULL,NULL,112,17,11,FALSE,92,420.88,342.982,0.911739,18.3857,NULL,NULL,0,NULL,NULL,HIDE,NULL,28,NULL,NULL,NULL,20,2012-02-10,MASTER,NULL,0000-00-00,0:00:00,110010,7106817,NULL,NULL,D_3000_40825,,BEACON FFWD 28G,0,0,0,0,0,NULL,NULL,NULL,NULL,0,0,0,0,0,-6,3.77,2020-09-16 23:35:17,0,0,0,0,0,EACH,,NULL,NULL,NULL,NULL,NULL,NULL,NULL,NULL,NULL,NULL,FALSE,FALSE,FALSE,FALSE,FALSE,FALSE,FALSE,0,0,0000-00-00 00:00:00,0000-00-00 00:00:00,0,NULL,0,0,NULL,NULL,0,0,0,HEAD_OFFICE,0000-00-00,41,,0000-00-00,NULL,,0000-00-00,0,,0000-00-00,0,,0000-00-00,0,2020-06-19,11:48:19,lavi,ADRAGRP,0000-00-00,NULL,3.77,ADMN371537,7106817,2011-12-20,-28,NULL,NULL,3.77,6001120610036,F,F,F,F,F,T,1,0,F,F,112,0,0,0,0,NULL,0000-00-00
110011008020,BEACON BLK CAT 46G PWR CLUST,4.99,1,0,0,8001,0,2.41,0,16,33,116,5,2009-01-10,0000-00-00,0000-00-00,0,ZZZZ,100,NULL,NULL,15,0,0,0,NULL,NULL,2014-07-29,1969,NULL,NULL,-1,20,8,FALSE,44,154,106.04,0.65,31.1428,NULL,NULL,0,NULL,NULL,HIDE,NULL,30,NULL,NULL,NULL,0,2012-01-19,MASTER,NULL,0000-00-00,0:00:00,110011,NULL,NULL,NULL,S_3000_36445,,BEACON BLACK CAT 46G POWER CLUSTA,0,0,0,0,0,NULL,NULL,NULL,NULL,0,0,0,0,0,-13,0,2020-09-16 23:35:17,0,0,0,0,0,EACH,,NULL,NULL,NULL,NULL,NULL,NULL,NULL,NULL,NULL,NULL,FALSE,FALSE,FALSE,FALSE,FALSE,FALSE,FALSE,0,0,0000-00-00 00:00:00,0000-00-00 00:00:00,0,NULL,0,0,NULL,NULL,0,0,0,HEAD_OFFICE,0000-00-00,-3,ADMN46928,2011-09-10,1,,0000-00-00,0,,0000-00-00,0,,0000-00-00,0,2020-06-19,11:48:19,lavi,ADRAGRP,0000-00-00,NULL,0,,,NULL,0,NULL,NULL,0,6001120603632,F,F,F,F,F,T,1,0,F,F,0,0,0,0,0,NULL,0000-00-00
110011012021,BEACON BLK CAT 38G BOOSTER,5.99,1,0,0,8001,0,2.41,0,16,33,116,5,2009-01-10,0000-00-00,0000-00-00,0,ZZZZ,100,NULL,NULL,15,0,0,0,NULL,NULL,2016-08-23,1837,NULL,NULL,NULL,21,12,FALSE,46,161,110.86,0.78,31.1428,NULL,NULL,0,NULL,NULL,HIDE,NULL,30,NULL,NULL,NULL,0,2012-02-08,MASTER,NULL,0000-00-00,0:00:00,110011,NULL,NULL,NULL,S_3000_36445,,BEACON BLACK CAT 38G BOOSTER,0,0,0,0,0,NULL,NULL,NULL,NULL,0,0,0,0,0,-4,0,2020-09-16 23:35:17,0,0,0,0,0,EACH,,NULL,NULL,NULL,NULL,NULL,NULL,NULL,NULL,NULL,NULL,FALSE,FALSE,FALSE,FALSE,FALSE,FALSE,FALSE,0,0,0000-00-00 00:00:00,0000-00-00 00:00:00,0,NULL,0,0,NULL,NULL,0,0,0,HEAD_OFFICE,0000-00-00,NULL,,0000-00-00,NULL,,0000-00-00,0,,0000-00-00,0,,0000-00-00,0,2020-06-19,11:48:19,lavi,ADRAGRP,0000-00-00,NULL,0,,,NULL,0,NULL,NULL,0,6001120018375,F,F,F,F,F,T,1,0,F,F,0,0,0,0,0,NULL,0000-00-00
110011010022,BEACON BLK CAT 42G PWR SNACK,4.99,1,0,0,8001,0,2.27,0,16,33,116,5,2009-01-10,0000-00-00,0000-00-00,0,ZZZZ,100,NULL,NULL,15,0,0,0,NULL,NULL,2014-07-15,1862,NULL,NULL,NULL,22,10,FALSE,NULL,NULL,NULL,0.65,NULL,NULL,NULL,0,NULL,NULL,HIDE,NULL,30,NULL,NULL,NULL,0,0000-00-00,MASTER,NULL,0000-00-00,0:00:00,110011,NULL,NULL,NULL,S_3000_36445,,BEACON BLACK CAT 42G POWER SNACK,0,0,0,0,0,NULL,NULL,NULL,NULL,0,0,0,0,0,0,0,2020-09-16 23:35:17,0,0,0,0,0,EACH,,NULL,NULL,NULL,NULL,NULL,NULL,NULL,NULL,NULL,NULL,FALSE,FALSE,FALSE,FALSE,FALSE,FALSE,FALSE,0,0,0000-00-00 00:00:00,0000-00-00 00:00:00,0,NULL,0,0,NULL,NULL,0,0,0,HEAD_OFFICE,0000-00-00,NULL,,0000-00-00,NULL,,0000-00-00,0,,0000-00-00,0,,0000-00-00,0,2020-06-19,11:48:19,lavi,ADRAGRP,0000-00-00,NULL,0,,,NULL,0,NULL,NULL,0,6001120600761,F,F,F,F,F,T,1,0,F,F,0,0,0,0,0,NULL,0000-00-00
110011011023,BEACON BLK CAT PWR/CRUNCH,4.99,1,0,0,8001,0,2.41,0,16,33,116,5,2009-01-10,0000-00-00,0000-00-00,0,ZZZZ,100,NULL,NULL,15,0,0,0,NULL,NULL,2014-07-15,2573,NULL,NULL,NULL,23,11,FALSE,31,108.5,74.71,0.65,31.1429,NULL,NULL,0,NULL,NULL,HIDE,NULL,30,NULL,NULL,NULL,0,2012-02-18,MASTER,NULL,0000-00-00,0:00:00,110011,NULL,NULL,NULL,S_3000_36445,,BEACON BLACK CAT POWER CRUNCH,0,0,0,0,0,NULL,NULL,NULL,NULL,0,0,0,0,0,-1,0,2020-09-16 23:35:17,0,0,0,0,0,EACH,,NULL,NULL,NULL,NULL,NULL,NULL,NULL,NULL,NULL,NULL,FALSE,FALSE,FALSE,FALSE,FALSE,FALSE,FALSE,0,0,0000-00-00 00:00:00,0000-00-00 00:00:00,0,NULL,0,0,NULL,NULL,0,0,0,HEAD_OFFICE,0000-00-00,NULL,,0000-00-00,NULL,,0000-00-00,0,,0000-00-00,0,,0000-00-00,0,2020-06-19,11:48:19,lavi,ADRAGRP,0000-00-00,NULL,0,,,NULL,0,NULL,NULL,0,6001120609498,F,F,F,F,F,T,1,0,F,F,0,0,0,0,0,NULL,0000-00-00
110011003025,BEACON BLK CAT 47G P/NUT SNAC,11.49,1,0,0,5045,0,3.05,0,16,33,116,8,2009-01-10,0000-00-00,0000-00-00,0,ZZZZ,100,NULL,NULL,15,0,0,0,NULL,NULL,2012-08-23,1835,NULL,NULL,NULL,25,3,FALSE,NULL,NULL,NULL,1.4987,NULL,NULL,NULL,0,NULL,NULL,HIDE,NULL,30,NULL,NULL,NULL,0,0000-00-00,MASTER,NULL,0000-00-00,0:00:00,110011,NULL,NULL,NULL,S_3000_37294,,BEACON BLACK CAT 47G PEANUT SNACK,0,0,0,0,0,NULL,NULL,NULL,NULL,0,0,0,0,0,-5,0,2020-09-16 23:35:17,0,0,0,0,0,EACH,,NULL,NULL,NULL,NULL,NULL,NULL,NULL,NULL,NULL,NULL,FALSE,FALSE,FALSE,FALSE,FALSE,FALSE,FALSE,0,0,0000-00-00 00:00:00,0000-00-00 00:00:00,0,NULL,0,0,NULL,NULL,0,0,0,HEAD_OFFICE,0000-00-00,NULL,,0000-00-00,NULL,,0000-00-00,0,,0000-00-00,0,,0000-00-00,0,2020-06-19,11:48:19,lavi,ADRAGRP,0000-00-00,NULL,0,,,NULL,0,NULL,NULL,0,6001120018351,F,F,F,F,F,T,1,0,F,F,0,0,0,0,0,NULL,0000-00-00
110012014001,WONDER BAR 25G MILK,5.99,1,0,0,5045,0,1.63165,0,16,33,116,8,2009-01-10,2018-06-06,2018-06-28,3.99,RALL,NULL,NULL,NULL,15,0,0,0,NULL,NULL,2013-03-04,1663,NULL,NULL,526,1,14,NULL,443,978.006,724.515,0.781304,25.8552,NULL,NULL,0,NULL,NULL,,NULL,48,NULL,NULL,NULL,83,2012-02-22,MASTER,NULL,0000-00-00,0:00:00,110012,7106817,NULL,NULL,B_3000_50911,,WONDER BAR 25G MILK,0,0,0,0,0,NULL,NULL,NULL,NULL,0,0,0,0,0,-23,1.63,2020-09-29 16:30:56,0,0,0,0,0,EACH,,NULL,NULL,NULL,NULL,NULL,NULL,NULL,NULL,NULL,NULL,FALSE,FALSE,FALSE,FALSE,FALSE,FALSE,FALSE,0,0,0000-00-00 00:00:00,0000-00-00 00:00:00,0,NULL,0,0,NULL,NULL,0,0,0,HEAD_OFFICE,0000-00-00,259,ADMN166622,2011-10-18,2,,0000-00-00,0,,0000-00-00,0,,0000-00-00,0,2020-09-29,11:48:19,lavi,ADRAGRP,0000-00-00,NULL,1.63,ADMN371537,7106817,2011-12-20,-240,NULL,NULL,1.63,6001120016630,F,F,F,F,F,T,1,0,F,F,528,0,0,0,0,NULL,0000-00-00
110012014004,WONDER BAR 25G MINT,5.99,1,0,0,5045,0,1.63165,0,16,33,116,8,2009-01-10,2018-06-06,2018-06-28,3.99,RALL,NULL,NULL,NULL,15,0,0,0,NULL,NULL,2013-03-04,1664,NULL,NULL,480,4,14,NULL,420,930.084,682.197,0.781304,26.525,NULL,NULL,0,NULL,NULL,,NULL,48,NULL,NULL,NULL,60,2012-02-21,MASTER,NULL,0000-00-00,0:00:00,110012,7106817,NULL,NULL,B_3000_50911,,WONDER BAR 25G MINT,0,0,0,0,0,NULL,NULL,NULL,NULL,0,0,0,0,0,-16,1.63,2020-09-29 16:30:56,0,0,0,0,0,EACH,,NULL,NULL,NULL,NULL,NULL,NULL,NULL,NULL,NULL,NULL,FALSE,FALSE,FALSE,FALSE,FALSE,FALSE,FALSE,0,0,0000-00-00 00:00:00,0000-00-00 00:00:00,0,NULL,0,0,NULL,NULL,0,0,0,HEAD_OFFICE,0000-00-00,228,,0000-00-00,NULL,,0000-00-00,0,,0000-00-00,0,,0000-00-00,0,2020-09-29,11:48:19,lavi,ADRAGRP,0000-00-00,NULL,1.63,ADMN371537,7106817,2011-12-20,-240,NULL,NULL,1.51,6001120016647,F,F,F,F,F,T,1,0,F,F,480,0,0,0,0,NULL,0000-00-00
110012014003,WONDER BAR 25G FRUIT & NUT,6.99,1,0,0,5045,0,1.63165,0,16,33,116,8,2009-01-10,2018-06-06,2018-06-28,3.99,ZZZZ,NULL,NULL,NULL,15,0,0,0,NULL,NULL,2016-08-27,1665,NULL,NULL,576,3,14,NULL,383,846.18,630.691,0.911739,25.4278,NULL,NULL,0,NULL,NULL,HIDE,NULL,48,NULL,NULL,NULL,193,2012-02-22,MASTER,NULL,0000-00-00,0:00:00,110012,7106817,NULL,NULL,B_3000_43843,,WONDER BAR 25G FRUIT & NUT,0,0,0,0,0,NULL,NULL,NULL,NULL,0,0,0,0,0,-28,1.63,2020-09-16 23:35:17,0,0,0,0,0,EACH,,NULL,NULL,NULL,NULL,NULL,NULL,NULL,NULL,NULL,NULL,FALSE,FALSE,FALSE,FALSE,FALSE,FALSE,FALSE,0,0,0000-00-00 00:00:00,0000-00-00 00:00:00,0,NULL,0,0,NULL,NULL,0,0,0,HEAD_OFFICE,0000-00-00,353,,0000-00-00,NULL,,0000-00-00,0,,0000-00-00,0,,0000-00-00,0,2020-06-19,11:48:19,lavi,ADRAGRP,0000-00-00,NULL,1.63,ADMN371537,7106817,2011-12-20,-240,NULL,NULL,1.63,6001120016654,F,F,F,F,F,T,1,0,F,F,576,0,0,0,0,NULL,0000-00-00
110012014011,WONDER BAR 25G NUT ,5.99,1,0,0,5045,0,1.63165,0,16,33,116,8,2009-01-10,2018-06-06,2018-06-28,3.99,RALL,NULL,NULL,NULL,15,0,0,0,NULL,NULL,2013-05-06,1666,NULL,NULL,384,11,14,NULL,232,516.082,387.069,0.781304,24.9332,NULL,NULL,0,NULL,NULL,,NULL,48,NULL,NULL,NULL,152,2012-02-22,MASTER,NULL,0000-00-00,0:00:00,110012,7106817,NULL,NULL,B_3000_50911,,WONDER BAR 25G NUT,0,0,0,0,0,NULL,NULL,NULL,NULL,0,0,0,0,0,-27,1.63,2020-09-29 16:30:56,0,0,0,0,0,EACH,,NULL,NULL,NULL,NULL,NULL,NULL,NULL,NULL,NULL,NULL,FALSE,FALSE,FALSE,FALSE,FALSE,FALSE,FALSE,0,0,0000-00-00 00:00:00,0000-00-00 00:00:00,0,NULL,0,0,NULL,NULL,0,0,0,HEAD_OFFICE,0000-00-00,241,,0000-00-00,NULL,,0000-00-00,0,,0000-00-00,0,,0000-00-00,0,2020-09-29,11:48:19,lavi,ADRAGRP,0000-00-00,NULL,1.63,ADMN371537,7106817,2011-12-20,-240,NULL,NULL,1.73,6001120016661,F,F,F,F,F,T,1,0,F,F,384,0,0,0,0,NULL,0000-00-00
110013015026,JUNGLE BAR 43G YOGHURT,8.99,1,0,0,5045,0,3.77193,0,16,33,116,8,2009-01-10,2015-06-23,2015-07-19,5.99,RSSD,100,NULL,NULL,15,0,0,0,NULL,NULL,2012-08-23,1955,NULL,NULL,149,26,15,FALSE,111,518.325,414.142,1.17261,20.0169,NULL,NULL,0,NULL,NULL,,NULL,30,NULL,NULL,NULL,38,2012-02-18,MASTER,NULL,0000-00-00,0:00:00,110013,7106817,NULL,NULL,B_3000_50731,,JUNGLE ENERGY BAR 43G YOGHURT,0,0,0,0,0,NULL,NULL,NULL,NULL,0,0,0,0,0,0,3.77,2020-09-21 20:27:56,0,0,0,0,0,EACH,,NULL,NULL,NULL,NULL,NULL,NULL,NULL,NULL,NULL,NULL,FALSE,FALSE,FALSE,FALSE,FALSE,FALSE,FALSE,0,0,0000-00-00 00:00:00,0000-00-00 00:00:00,0,NULL,0,0,NULL,NULL,0,0,0,HEAD_OFFICE,0000-00-00,76,ADMN46928,2011-09-10,1,,0000-00-00,0,,0000-00-00,0,,0000-00-00,0,2020-09-21,11:48:19,lavi,ADRAGRP,0000-00-00,NULL,3.77,ADMN371537,7106817,2011-12-20,-60,NULL,NULL,3.77,6001120602871,F,F,F,F,F,T,1,0,F,F,150,0,0,0,0,NULL,0000-00-00
110013015011,JUNGLE BAR 43G NUT,8.99,1,0,0,5045,0,5.18,0,16,33,116,8,2009-01-10,2015-06-23,2015-07-19,5.99,RSSD,100,NULL,NULL,15,0,0,0,NULL,NULL,2012-08-23,1956,NULL,NULL,89,11,15,FALSE,67,313.448,250.157,1.17261,20.0552,NULL,NULL,0,NULL,NULL,,NULL,30,NULL,NULL,NULL,22,2012-02-20,MASTER,NULL,0000-00-00,0:00:00,110013,7106817,NULL,NULL,B_3000_50731,,JUNGLE ENERGY BAR 43G NUT,0,0,0,0,0,NULL,NULL,NULL,NULL,0,0,0,0,0,-3,3.77,2020-09-21 20:27:55,0,0,0,0,0,EACH,,NULL,NULL,NULL,NULL,NULL,NULL,NULL,NULL,NULL,NULL,FALSE,FALSE,FALSE,FALSE,FALSE,FALSE,FALSE,0,0,0000-00-00 00:00:00,0000-00-00 00:00:00,0,NULL,0,0,NULL,NULL,0,0,0,HEAD_OFFICE,0000-00-00,45,ADMN46928,2011-09-10,1,,0000-00-00,0,,0000-00-00,0,,0000-00-00,0,2020-09-21,11:48:19,lavi,ADRAGRP,0000-00-00,NULL,3.77,ADMN371537,7106817,2011-12-20,-60,NULL,NULL,3.77,6001120602888,F,F,F,F,F,T,1,0,F,F,90,0,0,0,0,NULL,0000-00-00
110013015027,JUNGLE BAR 43G BERRIES,8.99,1,0,0,5045,0,3.77193,0,16,33,116,8,2009-01-10,2015-06-23,2015-07-19,5.99,RSSD,100,NULL,NULL,15,0,0,0,NULL,NULL,2012-08-23,1957,NULL,NULL,120,27,15,FALSE,102,485.071,376.336,1.17261,22.3529,NULL,NULL,0,NULL,NULL,,NULL,30,NULL,NULL,NULL,18,2012-02-21,MASTER,NULL,0000-00-00,0:00:00,110013,7106817,NULL,NULL,B_3000_50731,,JUNGLE ENERGY BAR 43G BERRIES,0,0,0,0,0,NULL,NULL,NULL,NULL,0,0,0,0,0,0,3.77,2020-09-21 20:27:55,0,0,0,0,0,EACH,,NULL,NULL,NULL,NULL,NULL,NULL,NULL,NULL,NULL,NULL,FALSE,FALSE,FALSE,FALSE,FALSE,FALSE,FALSE,0,0,0000-00-00 00:00:00,0000-00-00 00:00:00,0,NULL,0,0,NULL,NULL,0,0,0,HEAD_OFFICE,0000-00-00,56,,0000-00-00,NULL,,0000-00-00,0,,0000-00-00,0,,0000-00-00,0,2020-09-21,11:48:19,lavi,ADRAGRP,0000-00-00,NULL,3.77,ADMN371537,7106817,2011-12-20,-30,NULL,NULL,3.77,6001120602895,F,F,F,F,F,T,1,0,F,F,120,0,0,0,0,NULL,0000-00-00
110014016001,JUNGLE BAR NUT 48G DARK CHOC,8.99,1,0,0,5045,0,3.77193,0,16,33,116,8,2009-01-10,2015-06-23,2015-07-19,5.99,RCAA,100,NULL,NULL,15,0,0,0,NULL,NULL,2012-08-23,2341,NULL,NULL,117,1,16,FALSE,102,476.299,380.852,1.17261,19.8549,NULL,NULL,0,NULL,NULL,,NULL,30,NULL,NULL,NULL,15,2012-02-21,MASTER,NULL,0000-00-00,0:00:00,110014,7106817,NULL,NULL,B_3000_50731,,JUNGLE BAR NUT 48G DARK CHOCOLATE,0,0,0,0,0,NULL,NULL,NULL,NULL,0,0,0,0,0,-4,3.77,2020-09-21 20:27:56,0,0,0,0,0,EACH,,NULL,NULL,NULL,NULL,NULL,NULL,NULL,NULL,NULL,NULL,FALSE,FALSE,FALSE,FALSE,FALSE,FALSE,FALSE,0,0,0000-00-00 00:00:00,0000-00-00 00:00:00,0,NULL,0,0,NULL,NULL,0,0,0,HEAD_OFFICE,0000-00-00,29,ADMN498304,2012-01-31,3,,0000-00-00,0,,0000-00-00,0,,0000-00-00,0,2020-09-21,11:48:19,lavi,ADRAGRP,0000-00-00,NULL,3.77,ADMN371537,7106817,2011-12-20,-60,NULL,NULL,3.77,6001120606077,F,F,F,F,F,T,1,0,F,F,120,0,0,0,0,NULL,0000-00-00
110014016028,JUNGLE BAR NUT 48G DARK,8.99,1,0,0,5045,0,3.77193,0,16,33,116,8,2009-01-10,2015-06-23,2015-07-19,5.99,RCAA,100,NULL,NULL,15,0,0,0,NULL,NULL,2012-08-23,2340,NULL,NULL,60,28,16,FALSE,82,379.983,304.488,1.17261,19.7511,NULL,NULL,0,NULL,NULL,,NULL,30,NULL,NULL,NULL,0,2012-02-21,MASTER,NULL,0000-00-00,0:00:00,110014,7106817,NULL,NULL,B_3000_50731,,JUNGLE BAR NUT 48G DARK,0,0,0,0,0,NULL,NULL,NULL,NULL,0,0,0,0,0,-1,3.77,2020-09-21 20:27:56,0,0,0,0,0,EACH,,NULL,NULL,NULL,NULL,NULL,NULL,NULL,NULL,NULL,NULL,FALSE,FALSE,FALSE,FALSE,FALSE,FALSE,FALSE,0,0,0000-00-00 00:00:00,0000-00-00 00:00:00,0,NULL,0,0,NULL,NULL,0,0,0,HEAD_OFFICE,0000-00-00,2,,0000-00-00,NULL,,0000-00-00,0,,0000-00-00,0,,0000-00-00,0,2020-09-21,11:48:19,lavi,ADRAGRP,0000-00-00,NULL,3.77,ADMN371537,7106817,2011-12-20,-60,NULL,NULL,3.69,6001120606060,F,F,F,F,F,T,1,0,F,F,60,0,0,0,0,NULL,0000-00-00
600951273922,ROD METAL FREE WHEEL BARROW,39.99,16,0,0,5605,0,22.9782,0,69,178,405,3,2011-09-16,2011-11-02,2011-12-31,39.99,ZZZZ,45,NULL,NULL,15,0,0,0,NULL,NULL,2011-10-28,4068663,NULL,NULL,NULL,NULL,NULL,FALSE,NULL,NULL,NULL,5.22,NULL,NULL,NULL,,NULL,NULL,HIDE,FALSE,1,NULL,NULL,NULL,0,2009-01-07,MASTER,NULL,0000-00-00,0:00:00,NULL,SHAENE,NULL,NULL,S_3000_9257,ALL,ROD METAL FREE WHEEL BARROW,0,0,0,0,0,NULL,NULL,NULL,NULL,0,0,0,0,0,0,22.98,2020-09-16 23:35:17,0,0,0,0,0,EACH,,NULL,NULL,NULL,NULL,NULL,NULL,NULL,NULL,NULL,NULL,FALSE,FALSE,FALSE,FALSE,FALSE,FALSE,FALSE,0,0,0000-00-00 00:00:00,0000-00-00 00:00:00,0,NULL,0,0,NULL,NULL,0,0,0,HEAD_OFFICE,NULL,552,NULL,NULL,NULL,NULL,NULL,NULL,NULL,NULL,NULL,NULL,NULL,NULL,2018-01-23,11:38:57,ku,ADRACAT,0000-00-00,NULL,22.98,ADMN161330,E110820-94,2011-09-20,-552,NULL,NULL,32.75,,F,F,F,F,F,T,F,0,F,F,552,0,0,0,0,NULL,0000-00-00
600951273899,FRICTION RACING MMS107797,14.99,16,0,0,5605,0,10.7457,0,69,178,405,3,2011-09-16,0000-00-00,0000-00-00,0,ZZZZ,45,NULL,NULL,15,0,0,0,NULL,NULL,2011-09-17,4068663,NULL,NULL,6,NULL,NULL,FALSE,5,63.7982,53.7285,1.96,10.4851,NULL,NULL,,NULL,NULL,HIDE,FALSE,1,NULL,NULL,NULL,1,2011-12-12,MASTER,NULL,0000-00-00,0:00:00,NULL,TITC33038,NULL,NULL,S_3000_7492,ALL,FRICTION RACING MMS107797,0,0,0,0,0,NULL,NULL,NULL,NULL,0,0,0,0,0,0,10.75,2020-09-16 23:35:17,0,0,0,0,0,EACH,,NULL,NULL,NULL,NULL,NULL,NULL,NULL,NULL,NULL,NULL,FALSE,FALSE,FALSE,FALSE,FALSE,FALSE,FALSE,0,0,0000-00-00 00:00:00,0000-00-00 00:00:00,0,NULL,0,0,NULL,NULL,0,0,0,HEAD_OFFICE,NULL,6,NULL,NULL,NULL,NULL,NULL,NULL,NULL,NULL,NULL,NULL,NULL,NULL,2018-01-23,11:38:04,ku,ADRACAT,0000-00-00,NULL,10.75,ADMN297208,TITC33038,2011-11-28,-6,NULL,NULL,8.6,,F,F,F,F,F,T,F,0,F,F,726,0,0,0,0,NULL,0000-00-00
110016017032,JUNGLE BAR LITE 40G CRANBERRY,8.99,1,0,0,5045,0,3.68947,0,16,33,116,8,2009-01-10,2015-06-23,2015-07-19,5.99,RCAA,100,NULL,NULL,15,0,0,0,NULL,NULL,2012-08-23,2359,NULL,NULL,NULL,32,17,FALSE,NULL,NULL,NULL,1.17261,NULL,NULL,NULL,0,NULL,NULL,,NULL,30,NULL,NULL,NULL,0,0000-00-00,MASTER,NULL,0000-00-00,0:00:00,110016,NULL,NULL,NULL,B_3000_50731,,JUNGLE BAR LITE 40G CRANBERRY,0,0,0,0,0,NULL,NULL,NULL,NULL,0,0,0,0,0,0,0,2020-09-21 20:27:56,0,0,0,0,0,EACH,,NULL,NULL,NULL,NULL,NULL,NULL,NULL,NULL,NULL,NULL,FALSE,FALSE,FALSE,FALSE,FALSE,FALSE,FALSE,0,0,0000-00-00 00:00:00,0000-00-00 00:00:00,0,NULL,0,0,NULL,NULL,0,0,0,HEAD_OFFICE,0000-00-00,NULL,,0000-00-00,NULL,,0000-00-00,0,,0000-00-00,0,,0000-00-00,0,2020-09-21,11:48:19,lavi,ADRAGRP,0000-00-00,NULL,0,,,NULL,0,NULL,NULL,0,6001120606619,F,F,F,F,F,T,1,0,F,F,0,0,0,0,0,NULL,0000-00-00
110016017011,JUNGLE BAR LITE 40G NUT,8.99,1,0,0,5045,0,3.68947,0,16,33,116,8,2009-01-10,2015-06-23,2015-07-19,5.99,RCAA,100,NULL,NULL,15,0,0,0,NULL,NULL,2012-08-23,2360,NULL,NULL,NULL,11,17,FALSE,NULL,NULL,NULL,1.17261,NULL,NULL,NULL,0,NULL,NULL,,NULL,30,NULL,NULL,NULL,0,0000-00-00,MASTER,NULL,0000-00-00,0:00:00,110016,NULL,NULL,NULL,B_3000_50731,,JUNGLE BAR LITE 40G NUT,0,0,0,0,0,NULL,NULL,NULL,NULL,0,0,0,0,0,0,0,2020-09-21 20:27:56,0,0,0,0,0,EACH,,NULL,NULL,NULL,NULL,NULL,NULL,NULL,NULL,NULL,NULL,FALSE,FALSE,FALSE,FALSE,FALSE,FALSE,FALSE,0,0,0000-00-00 00:00:00,0000-00-00 00:00:00,0,NULL,0,0,NULL,NULL,0,0,0,HEAD_OFFICE,0000-00-00,NULL,,0000-00-00,NULL,,0000-00-00,0,,0000-00-00,0,,0000-00-00,0,2020-09-21,11:48:19,lavi,ADRAGRP,0000-00-00,NULL,0,,,NULL,0,NULL,NULL,3.69,6001120606626,F,F,F,F,F,T,1,0,F,F,0,0,0,0,0,NULL,0000-00-00